epoch,time,train/loss,metrics/accuracy_top1,metrics/accuracy_top5,val/loss,lr/pg0,lr/pg1,lr/pg2,lr/pg3,lr/pg4,lr/pg5,lr/pg6,lr/pg7
1,111.146,0.88541,0.84995,0.99895,0.43846,0.0099906,0.0033302,0.0099906,0.0033302,0.0099906,0.0033302,0.0099906,0.0033302
2,160.31,0.4668,0.89664,1,0.29743,0.0198257,0.00660856,0.0198257,0.00660856,0.0198257,0.00660856,0.0198257,0.00660856
3,211.187,0.43432,0.86411,0.99843,0.41761,0.0294958,0.00983192,0.0294958,0.00983192,0.0294958,0.00983192,0.0294958,0.00983192
4,255.335,0.43399,0.88143,0.99948,0.32069,0.0292575,0.0097525,0.0292575,0.0097525,0.0292575,0.0097525,0.0292575,0.0097525
5,298.709,0.35143,0.91343,0.99948,0.26352,0.02901,0.00967,0.02901,0.00967,0.02901,0.00967,0.02901,0.00967
6,341.865,0.32379,0.91605,1,0.24149,0.0287625,0.0095875,0.0287625,0.0095875,0.0287625,0.0095875,0.0287625,0.0095875
7,384.611,0.28508,0.9234,0.99948,0.2245,0.028515,0.009505,0.028515,0.009505,0.028515,0.009505,0.028515,0.009505
8,427.256,0.26705,0.9297,1,0.22357,0.0282675,0.0094225,0.0282675,0.0094225,0.0282675,0.0094225,0.0282675,0.0094225
9,470.132,0.25106,0.93232,1,0.20409,0.02802,0.00934,0.02802,0.00934,0.02802,0.00934,0.02802,0.00934
10,512.904,0.24716,0.93179,1,0.22036,0.0277725,0.0092575,0.0277725,0.0092575,0.0277725,0.0092575,0.0277725,0.0092575
11,555.686,0.23072,0.93389,1,0.19728,0.027525,0.009175,0.027525,0.009175,0.027525,0.009175,0.027525,0.009175
12,599.065,0.22326,0.93179,1,0.21333,0.0272775,0.0090925,0.0272775,0.0090925,0.0272775,0.0090925,0.0272775,0.0090925
13,642,0.216,0.93704,1,0.19505,0.02703,0.00901,0.02703,0.00901,0.02703,0.00901,0.02703,0.00901
14,689.633,0.21033,0.93389,1,0.20892,0.0267825,0.0089275,0.0267825,0.0089275,0.0267825,0.0089275,0.0267825,0.0089275
15,746.591,0.19944,0.93704,1,0.18633,0.026535,0.008845,0.026535,0.008845,0.026535,0.008845,0.026535,0.008845
16,791.115,0.19525,0.93861,1,0.18945,0.0262875,0.0087625,0.0262875,0.0087625,0.0262875,0.0087625,0.0262875,0.0087625
17,843.899,0.18737,0.94281,0.99948,0.19814,0.02604,0.00868,0.02604,0.00868,0.02604,0.00868,0.02604,0.00868
18,890.379,0.17914,0.94439,1,0.17678,0.0257925,0.0085975,0.0257925,0.0085975,0.0257925,0.0085975,0.0257925,0.0085975
19,936.877,0.17992,0.94596,1,0.16826,0.025545,0.008515,0.025545,0.008515,0.025545,0.008515,0.025545,0.008515
20,985.921,0.18107,0.94176,1,0.17353,0.0252975,0.0084325,0.0252975,0.0084325,0.0252975,0.0084325,0.0252975,0.0084325
21,1034.91,0.17407,0.93966,1,0.18847,0.02505,0.00835,0.02505,0.00835,0.02505,0.00835,0.02505,0.00835
22,1084.69,0.16604,0.94911,1,0.15856,0.0248025,0.0082675,0.0248025,0.0082675,0.0248025,0.0082675,0.0248025,0.0082675
23,1131.13,0.16239,0.94019,1,0.16957,0.024555,0.008185,0.024555,0.008185,0.024555,0.008185,0.024555,0.008185
24,1174.41,0.15958,0.94701,1,0.17595,0.0243075,0.0081025,0.0243075,0.0081025,0.0243075,0.0081025,0.0243075,0.0081025
25,1218.08,0.16257,0.94963,1,0.1613,0.02406,0.00802,0.02406,0.00802,0.02406,0.00802,0.02406,0.00802
26,1261.07,0.15134,0.95226,1,0.14973,0.0238125,0.0079375,0.0238125,0.0079375,0.0238125,0.0079375,0.0238125,0.0079375
27,1304.82,0.15779,0.95068,1,0.16433,0.023565,0.007855,0.023565,0.007855,0.023565,0.007855,0.023565,0.007855
28,1348.2,0.15215,0.95435,1,0.16278,0.0233175,0.0077725,0.0233175,0.0077725,0.0233175,0.0077725,0.0233175,0.0077725
29,1391.24,0.14702,0.94544,1,0.17456,0.02307,0.00769,0.02307,0.00769,0.02307,0.00769,0.02307,0.00769
30,1434.43,0.14483,0.94963,1,0.1749,0.0228225,0.0076075,0.0228225,0.0076075,0.0228225,0.0076075,0.0228225,0.0076075
31,1477.24,0.14385,0.95435,1,0.15705,0.022575,0.007525,0.022575,0.007525,0.022575,0.007525,0.022575,0.007525
32,1520.5,0.13404,0.94806,1,0.15926,0.0223275,0.0074425,0.0223275,0.0074425,0.0223275,0.0074425,0.0223275,0.0074425
33,1563.7,0.13393,0.94911,1,0.15496,0.02208,0.00736,0.02208,0.00736,0.02208,0.00736,0.02208,0.00736
34,1606.31,0.13202,0.9575,1,0.16139,0.0218325,0.0072775,0.0218325,0.0072775,0.0218325,0.0072775,0.0218325,0.0072775
35,1649.11,0.13318,0.9575,1,0.15323,0.021585,0.007195,0.021585,0.007195,0.021585,0.007195,0.021585,0.007195
36,1691.64,0.1338,0.95803,1,0.14868,0.0213375,0.0071125,0.0213375,0.0071125,0.0213375,0.0071125,0.0213375,0.0071125
37,1734.51,0.13495,0.9554,1,0.1512,0.02109,0.00703,0.02109,0.00703,0.02109,0.00703,0.02109,0.00703
38,1777.45,0.12186,0.9554,1,0.15183,0.0208425,0.0069475,0.0208425,0.0069475,0.0208425,0.0069475,0.0208425,0.0069475
39,1820.71,0.12708,0.95278,1,0.15216,0.020595,0.006865,0.020595,0.006865,0.020595,0.006865,0.020595,0.006865
40,1863.16,0.12694,0.95488,1,0.14844,0.0203475,0.0067825,0.0203475,0.0067825,0.0203475,0.0067825,0.0203475,0.0067825
41,1905.78,0.11867,0.95645,1,0.14604,0.0201,0.0067,0.0201,0.0067,0.0201,0.0067,0.0201,0.0067
42,1948.94,0.12083,0.96013,1,0.14353,0.0198525,0.0066175,0.0198525,0.0066175,0.0198525,0.0066175,0.0198525,0.0066175
43,1992.06,0.12155,0.95908,1,0.14122,0.019605,0.006535,0.019605,0.006535,0.019605,0.006535,0.019605,0.006535
44,2034.99,0.11776,0.95803,1,0.14285,0.0193575,0.0064525,0.0193575,0.0064525,0.0193575,0.0064525,0.0193575,0.0064525
45,2078.53,0.10776,0.9596,1,0.14874,0.01911,0.00637,0.01911,0.00637,0.01911,0.00637,0.01911,0.00637
46,2121.37,0.11215,0.95908,0.99948,0.15207,0.0188625,0.0062875,0.0188625,0.0062875,0.0188625,0.0062875,0.0188625,0.0062875
47,2164.41,0.11398,0.9575,1,0.15404,0.018615,0.006205,0.018615,0.006205,0.018615,0.006205,0.018615,0.006205
48,2207.16,0.10802,0.96013,1,0.15084,0.0183675,0.0061225,0.0183675,0.0061225,0.0183675,0.0061225,0.0183675,0.0061225
49,2249.86,0.106,0.96013,1,0.14881,0.01812,0.00604,0.01812,0.00604,0.01812,0.00604,0.01812,0.00604
50,2292.66,0.11199,0.95855,1,0.14391,0.0178725,0.0059575,0.0178725,0.0059575,0.0178725,0.0059575,0.0178725,0.0059575
51,2336.07,0.10157,0.9596,1,0.1449,0.017625,0.005875,0.017625,0.005875,0.017625,0.005875,0.017625,0.005875
52,2379.01,0.09345,0.95803,1,0.14727,0.0173775,0.0057925,0.0173775,0.0057925,0.0173775,0.0057925,0.0173775,0.0057925
53,2421.71,0.09966,0.95593,1,0.15006,0.01713,0.00571,0.01713,0.00571,0.01713,0.00571,0.01713,0.00571
54,2464.36,0.09766,0.95645,1,0.1497,0.0168825,0.0056275,0.0168825,0.0056275,0.0168825,0.0056275,0.0168825,0.0056275
55,2506.93,0.10229,0.9554,1,0.14949,0.016635,0.005545,0.016635,0.005545,0.016635,0.005545,0.016635,0.005545
56,2550.81,0.09427,0.95435,1,0.15203,0.0163875,0.0054625,0.0163875,0.0054625,0.0163875,0.0054625,0.0163875,0.0054625
57,2593.18,0.09623,0.95435,1,0.14979,0.01614,0.00538,0.01614,0.00538,0.01614,0.00538,0.01614,0.00538
58,2635.96,0.08962,0.95331,1,0.15027,0.0158925,0.0052975,0.0158925,0.0052975,0.0158925,0.0052975,0.0158925,0.0052975
59,2678.48,0.08691,0.95488,1,0.15109,0.015645,0.005215,0.015645,0.005215,0.015645,0.005215,0.015645,0.005215
60,2721.22,0.09443,0.95593,1,0.15167,0.0153975,0.0051325,0.0153975,0.0051325,0.0153975,0.0051325,0.0153975,0.0051325
61,2764.51,0.08595,0.95593,1,0.15325,0.01515,0.00505,0.01515,0.00505,0.01515,0.00505,0.01515,0.00505
62,2807.46,0.08183,0.9554,1,0.15514,0.0149025,0.0049675,0.0149025,0.0049675,0.0149025,0.0049675,0.0149025,0.0049675
63,2850.69,0.08332,0.95645,1,0.15361,0.014655,0.004885,0.014655,0.004885,0.014655,0.004885,0.014655,0.004885
64,2894.61,0.08297,0.95645,1,0.15457,0.0144075,0.0048025,0.0144075,0.0048025,0.0144075,0.0048025,0.0144075,0.0048025
65,2937.54,0.08063,0.95593,1,0.15303,0.01416,0.00472,0.01416,0.00472,0.01416,0.00472,0.01416,0.00472
66,2980.8,0.08268,0.95645,1,0.1536,0.0139125,0.0046375,0.0139125,0.0046375,0.0139125,0.0046375,0.0139125,0.0046375
67,3024.32,0.07577,0.95698,1,0.15446,0.013665,0.004555,0.013665,0.004555,0.013665,0.004555,0.013665,0.004555
68,3068.28,0.0786,0.9575,1,0.15518,0.0134175,0.0044725,0.0134175,0.0044725,0.0134175,0.0044725,0.0134175,0.0044725
69,3111.31,0.07346,0.95803,1,0.15555,0.01317,0.00439,0.01317,0.00439,0.01317,0.00439,0.01317,0.00439
70,3155.09,0.07406,0.95855,1,0.15597,0.0129225,0.0043075,0.0129225,0.0043075,0.0129225,0.0043075,0.0129225,0.0043075
71,3198.43,0.07301,0.9596,1,0.15613,0.012675,0.004225,0.012675,0.004225,0.012675,0.004225,0.012675,0.004225
72,3241.38,0.06922,0.95908,1,0.15466,0.0124275,0.0041425,0.0124275,0.0041425,0.0124275,0.0041425,0.0124275,0.0041425
73,3284.48,0.07503,0.95908,1,0.15768,0.01218,0.00406,0.01218,0.00406,0.01218,0.00406,0.01218,0.00406
74,3327.55,0.06839,0.95803,1,0.15435,0.0119325,0.0039775,0.0119325,0.0039775,0.0119325,0.0039775,0.0119325,0.0039775
75,3370.53,0.06255,0.95803,1,0.15465,0.011685,0.003895,0.011685,0.003895,0.011685,0.003895,0.011685,0.003895
76,3413.38,0.06546,0.95855,1,0.15438,0.0114375,0.0038125,0.0114375,0.0038125,0.0114375,0.0038125,0.0114375,0.0038125
77,3456.19,0.06548,0.95855,1,0.15432,0.01119,0.00373,0.01119,0.00373,0.01119,0.00373,0.01119,0.00373
78,3498.86,0.06493,0.9575,1,0.15556,0.0109425,0.0036475,0.0109425,0.0036475,0.0109425,0.0036475,0.0109425,0.0036475
79,3541.72,0.06148,0.95803,1,0.15441,0.010695,0.003565,0.010695,0.003565,0.010695,0.003565,0.010695,0.003565
80,3584.7,0.06003,0.95908,1,0.15443,0.0104475,0.0034825,0.0104475,0.0034825,0.0104475,0.0034825,0.0104475,0.0034825
81,3628.56,0.06082,0.95908,1,0.1595,0.0102,0.0034,0.0102,0.0034,0.0102,0.0034,0.0102,0.0034
82,3671.59,0.0609,0.95908,1,0.15999,0.0099525,0.0033175,0.0099525,0.0033175,0.0099525,0.0033175,0.0099525,0.0033175
83,3714.56,0.05921,0.95855,1,0.15442,0.009705,0.003235,0.009705,0.003235,0.009705,0.003235,0.009705,0.003235
84,3757.79,0.0585,0.95855,1,0.15496,0.0094575,0.0031525,0.0094575,0.0031525,0.0094575,0.0031525,0.0094575,0.0031525
85,3799.95,0.0546,0.95908,1,0.15477,0.00921,0.00307,0.00921,0.00307,0.00921,0.00307,0.00921,0.00307
86,3842.8,0.05275,0.95908,1,0.15755,0.0089625,0.0029875,0.0089625,0.0029875,0.0089625,0.0029875,0.0089625,0.0029875
87,3885.67,0.05343,0.95803,1,0.15474,0.008715,0.002905,0.008715,0.002905,0.008715,0.002905,0.008715,0.002905
88,3929.16,0.04793,0.95855,1,0.15667,0.0084675,0.0028225,0.0084675,0.0028225,0.0084675,0.0028225,0.0084675,0.0028225
89,3971.73,0.04629,0.95803,1,0.15577,0.00822,0.00274,0.00822,0.00274,0.00822,0.00274,0.00822,0.00274
90,4015.14,0.04969,0.95908,1,0.15552,0.0079725,0.0026575,0.0079725,0.0026575,0.0079725,0.0026575,0.0079725,0.0026575
91,4057.78,0.0467,0.95908,1,0.15648,0.007725,0.002575,0.007725,0.002575,0.007725,0.002575,0.007725,0.002575
92,4100.6,0.04823,0.95908,1,0.15662,0.0074775,0.0024925,0.0074775,0.0024925,0.0074775,0.0024925,0.0074775,0.0024925
93,4143.81,0.0447,0.95855,1,0.15632,0.00723,0.00241,0.00723,0.00241,0.00723,0.00241,0.00723,0.00241
94,4186.64,0.04471,0.95855,1,0.15814,0.0069825,0.0023275,0.0069825,0.0023275,0.0069825,0.0023275,0.0069825,0.0023275
95,4229.63,0.04437,0.95855,1,0.15757,0.006735,0.002245,0.006735,0.002245,0.006735,0.002245,0.006735,0.002245
96,4272.26,0.04123,0.95855,1,0.15723,0.0064875,0.0021625,0.0064875,0.0021625,0.0064875,0.0021625,0.0064875,0.0021625
97,4315.44,0.03978,0.95855,1,0.16255,0.00624,0.00208,0.00624,0.00208,0.00624,0.00208,0.00624,0.00208
98,4358.44,0.03835,0.95855,1,0.15769,0.0059925,0.0019975,0.0059925,0.0019975,0.0059925,0.0019975,0.0059925,0.0019975
99,4401.24,0.03484,0.95855,1,0.16016,0.005745,0.001915,0.005745,0.001915,0.005745,0.001915,0.005745,0.001915
100,4444.18,0.03912,0.95855,1,0.15935,0.0054975,0.0018325,0.0054975,0.0018325,0.0054975,0.0018325,0.0054975,0.0018325
101,4487.12,0.03472,0.95855,1,0.15919,0.00525,0.00175,0.00525,0.00175,0.00525,0.00175,0.00525,0.00175
102,4529.66,0.03092,0.9596,1,0.15964,0.0050025,0.0016675,0.0050025,0.0016675,0.0050025,0.0016675,0.0050025,0.0016675
103,4572.85,0.02959,0.9596,1,0.16027,0.004755,0.001585,0.004755,0.001585,0.004755,0.001585,0.004755,0.001585
104,4615.66,0.03295,0.9596,1,0.16096,0.0045075,0.0015025,0.0045075,0.0015025,0.0045075,0.0015025,0.0045075,0.0015025
105,4658.5,0.03011,0.9596,1,0.16465,0.00426,0.00142,0.00426,0.00142,0.00426,0.00142,0.00426,0.00142
106,4701.29,0.02967,0.95855,1,0.16245,0.0040125,0.0013375,0.0040125,0.0013375,0.0040125,0.0013375,0.0040125,0.0013375
107,4743.9,0.03027,0.95803,1,0.16204,0.003765,0.001255,0.003765,0.001255,0.003765,0.001255,0.003765,0.001255
108,4786.53,0.02846,0.95803,1,0.16315,0.0035175,0.0011725,0.0035175,0.0011725,0.0035175,0.0011725,0.0035175,0.0011725
109,4829.28,0.02636,0.95855,1,0.16292,0.00327,0.00109,0.00327,0.00109,0.00327,0.00109,0.00327,0.00109
110,4871.55,0.02753,0.95855,1,0.16402,0.0030225,0.0010075,0.0030225,0.0010075,0.0030225,0.0010075,0.0030225,0.0010075
111,4928.36,0.02664,0.95855,1,0.16334,0.002775,0.000925,0.002775,0.000925,0.002775,0.000925,0.002775,0.000925
112,4970.68,0.0242,0.95855,1,0.1645,0.0025275,0.0008425,0.0025275,0.0008425,0.0025275,0.0008425,0.0025275,0.0008425
113,5013.23,0.0261,0.95855,1,0.16676,0.00228,0.00076,0.00228,0.00076,0.00228,0.00076,0.00228,0.00076
114,5055.81,0.02418,0.95855,1,0.16457,0.0020325,0.0006775,0.0020325,0.0006775,0.0020325,0.0006775,0.0020325,0.0006775
115,5098.28,0.02287,0.95855,1,0.16407,0.001785,0.000595,0.001785,0.000595,0.001785,0.000595,0.001785,0.000595
116,5141.02,0.02295,0.95855,1,0.16454,0.0015375,0.0005125,0.0015375,0.0005125,0.0015375,0.0005125,0.0015375,0.0005125
117,5183.7,0.02061,0.95855,1,0.16803,0.00129,0.00043,0.00129,0.00043,0.00129,0.00043,0.00129,0.00043
118,5226.12,0.02103,0.95855,1,0.16531,0.0010425,0.0003475,0.0010425,0.0003475,0.0010425,0.0003475,0.0010425,0.0003475
119,5268.7,0.01966,0.95908,1,0.16589,0.000795,0.000265,0.000795,0.000265,0.000795,0.000265,0.000795,0.000265
120,5311.54,0.02072,0.95908,1,0.16601,0.0005475,0.0001825,0.0005475,0.0001825,0.0005475,0.0001825,0.0005475,0.0001825
